time,coin,dir,px,sz,ntl,fee,closedPnl
04.01.2024 - 11:24:38,OP,Open Long,3.4326,7.3,25.057979999999997,-0.000501,0.000501
04.01.2024 - 12:20:42,OP,Close Long,3.3885,7.3,24.73605,0.005936,-0.327866
04.01.2024 - 13:41:45,OP,Open Long,3.4413,3.5,12.044550000000001,0.00289,-0.00289
04.01.2024 - 13:50:14,OP,Close Long,3.4548,3.5,12.091800000000001,0.002901,0.044349
04.01.2024 - 14:06:13,OP,Open Long,3.443,3.5,12.0505,-0.000241,0.000241
04.01.2024 - 17:34:18,OP,Close Long,3.6202,3.5,12.6707,0.00304,0.6171599999999999
05.01.2024 - 14:25:05,ETH,Open Short,2250.4,0.0222,49.95888000000001,-0.000999,0.000999
05.01.2024 - 16:26:00,ETH,Close Short,2238,0.0222,49.683600000000006,0.011923,0.263357
08.01.2024 - 11:54:59,OP,Open Long,3.0632,4.1,12.55912,-0.000251,0.000251
10.01.2024 - 18:37:25,OP,Close Long,3.688,4.1,15.1208,0.003628,2.558052
15.01.2024 - 15:34:54,BTC,Open Long,42709,0.00234,99.93906,-0.001998,0.001998
15.01.2024 - 16:08:53,BTC,Close Long,42569,0.00234,99.61146000000001,0.023905,-0.351505
16.01.2024 - 13:26:48,BTC,Open Long,42816,0.00234,100.18944,-0.002003,0.002003
16.01.2024 - 16:16:31,BTC,Close Long,42833,0.00234,100.22922,0.024054,0.015726000000000004
18.01.2024 - 15:48:48,BTC,Open Short,42619,0.00117,49.86423,-0.000997,0.000997
18.01.2024 - 20:12:24,BTC,Close Short,41412,0.00059,24.43308,-0.000488,0.7126180000000001
18.01.2024 - 20:14:04,BTC,Close Short,41568,0.00058,24.10944,0.005785,0.603795
22.01.2024 - 03:20:31,BTC,Open Long,41312,0.00061,25.200319999999998,-0.000503,0.000503
22.01.2024 - 13:47:02,BTC,Close Long,40739.24897959,0.00245,99.81115999999548,0.023952,-0.372872
22.01.2024 - 14:49:12,BTC,Close Short,40905,0.00184,75.26520000000001,0.018063,-0.323503
22.01.2024 - 15:43:49,BTC,Open Long,40903,0.00244,99.80332,-0.001996,0.001996
22.01.2024 - 16:18:56,BTC,Close Long,40673,0.00244,99.24212,0.023817,-0.585017
22.01.2024 - 18:10:00,BTC,Open Long,40670,0.00123,50.0241,-0.001,0.001
22.01.2024 - 20:49:22,BTC,Close Long,40288,0.00123,49.55424,0.011892,-0.481752
23.01.2024 - 12:35:07,BTC,Open Long,39036,0.00256,99.93216000000001,-0.001998,0.001998
23.01.2024 - 13:24:12,BTC,Close Long,38825,0.00256,99.39200000000001,0.023854,-0.564014
23.01.2024 - 15:29:34,BTC,Open Long,38942,0.00257,100.08094,-0.002001,0.002001
23.01.2024 - 16:03:49,BTC,Close Long,38770,0.00257,99.63889999999999,0.023912,-0.465952
24.01.2024 - 11:51:19,ETH,Open Short,2235.3,0.0447,99.91791,0.023979,-0.023979
24.01.2024 - 12:33:05,ETH,Close Short,2246.1,0.0447,100.40066999999999,0.024096,-0.506856
24.01.2024 - 15:27:37,BTC,Open Short,40130,0.00249,99.9237,-0.001998,0.001998
24.01.2024 - 22:52:15,BTC,Close Short,39714,0.00249,98.88786,0.023732,1.012108
25.01.2024 - 13:05:15,ETH,Open Long,2235,0.0224,50.064,-0.001001,0.001001
25.01.2024 - 14:28:39,ETH,Close Long,2216.32232143,0.0224,49.645620000032004,0.011913,-0.430293
25.01.2024 - 20:24:00,ETH,Open Short,2223,0.0117,26.0091,-0.00052,0.00052
25.01.2024 - 20:24:12,ETH,Open Short,2223,0.0108,24.0084,-0.00048,0.00048
26.01.2024 - 13:03:19,ETH,Close Short,2244.5,0.0225,50.50125,0.01212,-0.49587000000000003
27.01.2024 - 17:52:43,BTC,Open Long,41818,0.00239,99.94502000000001,-0.001998,0.001998
27.01.2024 - 22:38:31,BTC,Close Long,42062,0.00239,100.52818,0.024126,0.559034
28.01.2024 - 12:15:07,ETH,Open Long,2293.5,0.0349,80.04315,-0.0016,0.0016
28.01.2024 - 14:05:23,ETH,Close Long,2278.6,0.0349,79.52314,0.019084,-0.539094
28.01.2024 - 16:17:41,ETH,Open Short,2286.2,0.0219,50.06777999999999,-0.001001,0.001001
28.01.2024 - 16:31:20,ETH,Close Short,2285.1,0.0219,50.04369,0.012009,0.012081
29.01.2024 - 17:46:30,BTC,Open Short,42172,0.00237,99.94764,-0.001998,0.001998
29.01.2024 - 17:50:39,BTC,Close Short,42374,0.00237,100.42638000000001,0.024101,-0.502841
30.01.2024 - 16:34:11,ETH,Open Short,2314.7,0.0259,59.95072999999999,-0.001199,0.001199
30.01.2024 - 17:45:02,ETH,Close Short,2332,0.0259,60.3988,0.014495,-0.462565
01.02.2024 - 10:27:00,BTC,Open Short,42169,0.00356,150.12163999999999,-0.003002,0.003002
01.02.2024 - 12:25:24,BTC,Close Short,42288,0.00356,150.54528,0.03613,-0.45977
02.02.2024 - 12:11:01,ETH,Open Long,2304.4,0.0651,150.01644000000002,-0.003,0.003
02.02.2024 - 15:45:57,ETH,Close Long,2296.1,0.0651,149.47611,0.035874,-0.5762039999999999
07.02.2024 - 15:39:26,ETH,Open Long,2366.8,0.0211,49.93948,-0.000998,0.000998
07.02.2024 - 16:24:36,ETH,Close Long,2371.1,0.0211,50.03021,0.012006,0.078724
08.02.2024 - 16:45:27,ETH,Open Short,2426.7,0.0412,99.98003999999999,-0.001999,0.001999
08.02.2024 - 16:55:51,ETH,Close Short,2435.9,0.0412,100.35908,0.024085,-0.403125
12.02.2024 - 14:51:12,BTC,Open Short,47892.35885167,0.00209,100.09502999999029,0.024019,-0.024019
12.02.2024 - 14:57:20,BTC,Close Short,48046,0.00209,100.41614,0.024099,-0.345332
15.02.2024 - 20:06:33,ETH,Open Short,2820,0.0177,49.914,-0.000998,0.000998
15.02.2024 - 21:22:34,ETH,Close Short,2814.7,0.0177,49.82019,0.011956,0.08185400000000001
18.02.2024 - 13:17:16,BTC,Open Long,51748,0.00097,50.19556,-0.001003,0.001003
19.02.2024 - 07:12:24,BTC,Close Long,52054,0.00097,50.492380000000004,0.012118,0.28470199999999996
20.02.2024 - 10:11:43,BTC,Open Long,51805,0.00097,50.25085,-0.001005,0.001005
20.02.2024 - 15:37:01,BTC,Close Long,52848,0.00097,51.26256,0.012302,0.9994080000000001
21.02.2024 - 17:44:20,BTC,Open Long,51159,0.00098,50.135819999999995,-0.001002,0.001002
21.02.2024 - 21:00:25,BTC,Close Long,50761,0.00098,49.745779999999996,0.011938,-0.401978
26.02.2024 - 15:48:34,BTC,Open Long,51290,0.00097,49.7513,-0.000995,0.000995
26.02.2024 - 17:12:11,BTC,Close Long,51960,0.00097,50.4012,0.012096,0.637804
28.02.2024 - 13:56:31,BTC,Open Long,58967,0.00085,50.12195,0.012028,-0.012028
28.02.2024 - 14:54:46,BTC,Close Long,59499,0.00085,50.574149999999996,0.012137,0.440063
29.02.2024 - 09:21:19,BTC,Open Long,62769,0.0004,25.1076,-0.000502,0.000502
29.02.2024 - 13:38:10,BTC,Close Long,63254,0.0004,25.3016,0.006072,0.187928
09.04.2024 - 12:18:05,BTC,Open Short,70700,0.01691,1195.537,0.401699,-0.401699
09.04.2024 - 12:18:14,BTC,Close Short,70691,0.01691,1195.38481,0.401648,-0.249458
09.04.2024 - 12:18:59,BTC,Open Long,70708,0.01691,1195.67228,0.401745,-0.401745
09.04.2024 - 12:19:05,BTC,Close Long,70707,0.01691,1195.6553700000002,0.401739,-0.418649
09.04.2024 - 12:19:34,BTC,Open Short,70681.21893491,0.0169,1194.5125999999789,0.401354,-0.401354
09.04.2024 - 12:19:52,BTC,Close Short,70680,0.0169,1194.492,0.401349,-0.381069
09.04.2024 - 12:20:51,BTC,Open Short,70641,0.03379,2386.95939,0.802017,-0.802017
09.04.2024 - 12:21:02,BTC,Close Short,70640,0.03379,2386.9256,0.802006,-0.768216
09.04.2024 - 12:24:52,BTC,Open Long,70708,0.01686,1192.13688,0.400557,-0.400557
09.04.2024 - 12:24:57,BTC,Close Long,70707,0.01686,1192.12002,0.400552,-0.417412
09.04.2024 - 12:25:23,BTC,Open Long,70711,0.01685,1191.48035,0.400337,-0.400337
09.04.2024 - 12:25:27,BTC,Close Long,70710,0.01685,1191.4635,0.400331,-0.41718099999999997
09.04.2024 - 12:27:12,BTC,Open Short,70653,0.02084,1472.40852,0.494728,-0.494728
09.04.2024 - 12:27:21,BTC,Close Short,70661,0.02084,1472.5752400000001,0.494783,-0.662172
09.04.2024 - 12:28:19,BTC,Open Long,70690,0.02081,1471.0589,0.494275,-0.494275
09.04.2024 - 12:28:24,BTC,Close Long,70689,0.02081,1471.03809,0.494268,-0.515078
09.04.2024 - 12:28:50,BTC,Open Short,70681,0.02081,1470.87161,0.494212,-0.494212
09.04.2024 - 12:28:54,BTC,Close Short,70663,0.02081,1470.49703,0.494086,-0.119506
14.04.2024 - 07:31:39,BTC,Open Short,64009,0.02273,1454.92457,0.488854,-0.488854
14.04.2024 - 07:31:51,BTC,Close Short,64045,0.02273,1455.74285,0.489128,-1.3074080000000001
14.04.2024 - 07:32:22,BTC,Open Short,63983,0.02272,1453.69376,0.48844,-0.48844
14.04.2024 - 07:32:29,BTC,Close Short,64002,0.02272,1454.12544,0.488585,-0.920265
14.04.2024 - 07:33:09,BTC,Open Long,63994.73071838,0.02269,1452.040440000042,0.487883,-0.487883
14.04.2024 - 07:33:13,BTC,Close Long,63987.17628911,0.02269,1451.8690299999057,0.487827,-0.65854
14.04.2024 - 07:33:30,BTC,Open Short,63956.34391534,0.02268,1450.5298799999111,0.487375,-0.487375
14.04.2024 - 07:33:36,BTC,Close Short,63911,0.02268,1449.50148,0.487032,0.540372
14.04.2024 - 07:35:15,BTC,Open Short,63871.24174373,0.02271,1450.5159000001083,0.487372,-0.487372
14.04.2024 - 07:35:18,BTC,Close Short,63876,0.02271,1450.6239600000001,0.487409,-0.596417
14.04.2024 - 07:35:41,BTC,Open Long,63973,0.02267,1450.26791,0.487289,-0.487289
14.04.2024 - 07:35:51,BTC,Close Long,64009,0.02267,1451.08403,0.487563,0.32855699999999993
14.04.2024 - 07:38:13,BTC,Open Short,64017,0.02264,1449.34488,0.486979,-0.486979
14.04.2024 - 07:38:20,BTC,Close Short,63993,0.02264,1448.80152,0.486796,0.05656399999999995
14.04.2024 - 07:39:15,BTC,Open Short,63963.30905077,0.02265,1448.7689499999406,0.486784,-0.486784
14.04.2024 - 07:39:23,BTC,Close Short,63973,0.02265,1448.98845,0.486859,-0.706564
14.04.2024 - 07:39:45,BTC,Open Short,63942,0.02263,1447.00746,0.486193,-0.486193
14.04.2024 - 07:40:05,BTC,Close Short,63926,0.02263,1446.6453800000002,0.486072,-0.12399199999999999
14.04.2024 - 07:42:26,BTC,Open Short,63960,0.02261,1446.1356,0.485901,-0.485901
14.04.2024 - 07:42:40,BTC,Close Short,63930,0.02261,1445.4573,0.485673,0.192627
14.04.2024 - 07:43:12,BTC,Open Short,63936,0.02264,1447.51104,0.486362,-0.486362
14.04.2024 - 07:43:47,BTC,Close Short,63988.58038869,0.02264,1448.7014599999418,0.486762,-1.677182
14.04.2024 - 07:46:14,BTC,Open Short,63916.79646018,0.0226,1444.5196000000678,0.485357,-0.485357
14.04.2024 - 07:46:38,BTC,Close Short,63941,0.0226,1445.0665999999999,0.485542,-1.034722
14.04.2024 - 07:48:58,BTC,Open Short,63982,0.02256,1443.43392,0.484992,-0.484992
14.04.2024 - 07:49:02,BTC,Close Short,63988,0.02256,1443.56928,0.485039,-0.620399
14.04.2024 - 07:49:43,BTC,Open Long,64043,0.02253,1442.8887900000002,0.48481,-0.48481
14.04.2024 - 07:50:01,BTC,Close Long,64049,0.02253,1443.0239700000002,0.484855,-0.34967499999999996
14.04.2024 - 07:51:30,BTC,Open Short,64026,0.02252,1441.8655199999998,0.484465,-0.484465
14.04.2024 - 07:51:34,BTC,Close Short,64029.71536412,0.02252,1441.9491899999823,0.484492,-0.568162
14.04.2024 - 07:55:13,BTC,Open Long,64063,0.02249,1440.77687,0.4841,-0.4841
14.04.2024 - 07:55:28,BTC,Close Long,64068,0.02249,1440.88932,0.484138,-0.371688
19.04.2024 - 09:44:35,PURR/USDC,Sell,0.15,68,10.2,0.000979,-0.000979
19.04.2024 - 21:27:39,BTC,Open Long,64370,0.00868,558.7316,0.187733,-0.187733
19.04.2024 - 21:27:43,BTC,Close Long,64392,0.00868,558.92256,0.187797,0.003162999999999999
19.04.2024 - 21:28:09,BTC,Open Long,64409,0.00867,558.4260300000001,0.187629,-0.187629
19.04.2024 - 21:28:13,BTC,Close Long,64408,0.00867,558.41736,0.187628,-0.196298
19.04.2024 - 21:28:24,BTC,Open Long,64418,0.00866,557.85988,0.18744,-0.18744
19.04.2024 - 21:28:29,BTC,Close Long,64417,0.00866,557.8512199999999,0.187437,-0.196097
19.04.2024 - 21:28:39,BTC,Open Long,64418,0.00865,557.2157,0.187224,-0.187224
19.04.2024 - 21:28:47,BTC,Close Long,64405,0.00865,557.10325,0.187186,-0.299636
19.04.2024 - 21:29:35,BTC,Open Short,64327.61662818,0.00866,557.0771600000388,0.187176,-0.187176
19.04.2024 - 21:29:40,BTC,Close Short,64292,0.00866,556.7687199999999,0.187074,0.12122200000000002
19.04.2024 - 21:30:36,BTC,Open Long,64281,0.00866,556.67346,0.187041,-0.187041
19.04.2024 - 21:30:41,BTC,Close Long,64297,0.00866,556.81202,0.187088,-0.048528000000000016
19.04.2024 - 21:30:48,BTC,Open Long,64311,0.00866,556.9332599999999,0.187128,-0.187128
19.04.2024 - 21:30:52,BTC,Close Long,64311,0.00866,556.9332599999999,0.187128,-0.187128
19.04.2024 - 21:31:06,BTC,Open Long,64339,0.00865,556.53235,0.186994,-0.186994
19.04.2024 - 21:31:16,BTC,Close Long,64341,0.00865,556.5496499999999,0.187,-0.1697
19.04.2024 - 21:31:23,BTC,Open Long,64343,0.00864,555.92352,0.18679,-0.18679
19.04.2024 - 21:31:27,BTC,Close Long,64340,0.00864,555.8976,0.186781,-0.212701
19.04.2024 - 21:32:11,BTC,Open Long,64363,0.00863,555.4526900000001,0.186631,-0.186631
19.04.2024 - 21:32:15,BTC,Close Long,64365,0.00863,555.46995,0.186637,-0.169377
19.04.2024 - 21:32:24,BTC,Open Long,64371,0.00863,555.52173,0.186654,-0.186654
19.04.2024 - 21:32:28,BTC,Close Long,64374,0.00863,555.54762,0.186663,-0.160773
19.04.2024 - 21:32:35,BTC,Open Long,64367,0.00863,555.48721,0.186643,-0.186643
19.04.2024 - 21:32:39,BTC,Close Long,64366,0.00863,555.4785800000001,0.18664,-0.19527
19.04.2024 - 21:32:56,BTC,Open Long,64386,0.00861,554.3634599999999,0.186265,-0.186265
19.04.2024 - 21:33:00,BTC,Close Long,64410,0.00861,554.5701,0.186335,0.02030499999999999
19.04.2024 - 21:33:33,BTC,Open Long,64388,0.00861,554.38068,0.186271,-0.186271
19.04.2024 - 21:33:37,BTC,Close Long,64417,0.00861,554.63037,0.186355,0.063335
19.04.2024 - 21:33:51,BTC,Open Long,64402,0.00861,554.50122,0.186312,-0.186312
19.04.2024 - 21:33:54,BTC,Close Long,64400,0.00861,554.4839999999999,0.186306,-0.20352599999999998
19.04.2024 - 21:34:16,BTC,Open Short,64371,0.00861,554.2343099999999,0.186222,-0.186222
19.04.2024 - 21:34:19,BTC,Close Short,64394,0.00861,554.43234,0.186288,-0.38431800000000005
19.04.2024 - 21:34:29,BTC,Open Long,64406,0.00859,553.2475400000001,0.18589,-0.18589
19.04.2024 - 21:34:32,BTC,Close Long,64397,0.00859,553.1702300000001,0.185864,-0.263174
19.04.2024 - 21:35:01,BTC,Open Short,64369,0.00859,552.92971,0.185784,-0.185784
19.04.2024 - 21:35:05,BTC,Close Short,64370,0.00859,552.9383,0.185786,-0.194376
19.04.2024 - 21:35:28,BTC,Open Short,64369,0.00859,552.92971,0.185784,-0.185784
19.04.2024 - 21:35:31,BTC,Close Short,64374,0.00859,552.97266,0.185798,-0.228748
19.04.2024 - 21:35:51,BTC,Open Long,64386,0.00858,552.4318800000001,0.185616,-0.185616
19.04.2024 - 21:35:54,BTC,Close Long,64385,0.00858,552.4233,0.185614,-0.194194
19.04.2024 - 21:36:00,BTC,Open Long,64405,0.00857,551.95085,0.185454,-0.185454
19.04.2024 - 21:36:04,BTC,Close Long,64404,0.00857,551.94228,0.185451,-0.194021
19.04.2024 - 21:36:14,BTC,Open Long,64400,0.00856,551.264,0.185224,-0.185224
19.04.2024 - 21:36:17,BTC,Close Long,64399,0.00856,551.25544,0.185221,-0.193781
19.04.2024 - 21:37:40,BTC,Open Short,64302,0.00857,551.06814,0.185158,-0.185158
19.04.2024 - 21:37:43,BTC,Close Short,64292,0.00857,550.98244,0.185129,-0.09942899999999999
19.04.2024 - 21:40:01,BTC,Open Long,64340,0.0039,250.926,0.084311,-0.084311
19.04.2024 - 21:40:04,BTC,Close Long,64335,0.0039,250.9065,0.084304,-0.10380400000000001
24.04.2024 - 20:09:04,BTC,Open Long,64834,0.00934,605.5495599999999,0.203464,-0.203464
24.04.2024 - 20:09:27,BTC,Close Long,64835,0.00934,605.5589,0.203467,-0.19412700000000002
24.04.2024 - 20:10:08,BTC,Open Long,64846,0.00932,604.36472,0.203065,-0.203065
24.04.2024 - 20:10:16,BTC,Close Long,64847,0.00932,604.37404,0.203068,-0.193748
24.04.2024 - 20:10:34,BTC,Open Long,64865,0.0093,603.2444999999999,0.202689,-0.202689
24.04.2024 - 20:10:56,BTC,Close Long,64838,0.0093,602.9934,0.202605,-0.453705
24.04.2024 - 20:12:16,BTC,Open Long,64844,0.00929,602.40076,0.202405,-0.202405
24.04.2024 - 20:12:22,BTC,Close Long,64851,0.00929,602.46579,0.202428,-0.137398
25.04.2024 - 21:58:05,BTC,Open Long,64692,0.0093,601.6356,0.202149,-0.202149
25.04.2024 - 21:58:09,BTC,Close Long,64691,0.0093,601.6262999999999,0.202146,-0.211446
13.05.2024 - 13:34:48,ETH,Open Long,2954,0.0169,49.922599999999996,0.004792,-0.004792
17.05.2024 - 12:46:43,ETH,Close Long,3035.3,0.0169,51.296569999999996,0.017234,1.356736
03.06.2024 - 14:22:28,BTC,Open Short,69286,0.00288,199.54368000000002,0.019155,-0.019155
03.06.2024 - 14:40:26,BTC,Close Short,69131,0.00288,199.09728,0.066896,0.379504
10.06.2024 - 21:32:29,ETH,Open Long,3684.8,0.0271,99.85808,0.009585,-0.009585
11.06.2024 - 04:52:59,ETH,Close Long,3625.9,0.0271,98.26189,0.033015,-1.629205
11.06.2024 - 11:13:12,MATIC,Open Long,0.64289,77.7,49.952553,0.004795,-0.004795
11.06.2024 - 15:39:25,MATIC,Close Long,0.63206,77.7,49.111062,0.0165,-0.857991
14.06.2024 - 06:58:20,ETH,Open Long,3492.7,0.0143,49.945609999999995,0.004794,-0.004794
14.06.2024 - 19:08:25,ETH,Close Long,3432.8,0.0143,49.089040000000004,0.016493,-0.873063
17.06.2024 - 12:45:02,ETH,Open Long,3535,0.007,24.745,0.002375,-0.002375
18.06.2024 - 04:44:09,ETH,Close Long,3361.5,0.007,23.5305,0.007905,-1.222405
02.07.2024 - 11:23:09,TIA,Open Long,5.8482,3.4,19.88388,0.00668,-0.00668
03.07.2024 - 05:41:23,TIA,Close Long,5.73,3.4,19.482,0.006545,-0.40842500000000004
05.07.2024 - 03:03:34,ETH,Open Long (Price Improved),3050,0.0163,49.714999999999996,0.004772,-0.004772
10.07.2024 - 07:49:49,ETH,Close Long,3112.9,0.0163,50.740269999999995,0.017048,1.008222
10.07.2024 - 14:16:52,BTC,Open Long,58535,0.00129,75.51015,0.007248,-0.007248
10.07.2024 - 14:16:56,BTC,Open Long,58535,0.00021,12.29235,0.001179,-0.001179
10.07.2024 - 14:17:00,BTC,Open Long,58535,0.0002,11.707,0.001123,-0.001123
10.07.2024 - 15:31:51,BTC,Close Long,58283,0.0017,99.08109999999999,0.03329,-0.46169
12.07.2024 - 22:50:18,BTC,Open Long,57667,0.00086,49.59362,0.00476,-0.00476
14.07.2024 - 11:36:04,BTC,Close Long,60202,0.00086,51.77372,0.017395,2.162705
16.07.2024 - 17:22:54,ETH,Open Long,3397,0.0294,99.8718,0.009587,-0.009587
16.07.2024 - 17:22:54,ETH,Open Long,3397,0.0294,99.8718,0.009587,-0.009587
17.07.2024 - 14:13:18,ETH,Close Long,3470.9,0.0588,204.08892,0.068571,4.276749
18.07.2024 - 17:06:18,BTC,Open Short,64719,0.00154,99.66726,0.033487,-0.033487
18.07.2024 - 17:46:56,BTC,Close Short,63847,0.00154,98.32437999999999,0.033036,1.309844
30.07.2024 - 09:58:14,BTC,Open Long,66796,0.0667,4455.2932,1.496977,-1.496977
30.07.2024 - 09:58:21,BTC,Close Long,66795,0.0667,4455.2265,1.496955,-1.563655
30.07.2024 - 09:59:43,BTC,Open Long,66814,0.06532,4364.290480000001,1.466398,-1.466398
30.07.2024 - 10:00:04,BTC,Close Long,66811,0.06532,4364.094520000001,1.466335,-1.6622949999999999
31.07.2024 - 13:33:58,BTC,Open Long,66038,0.00227,149.90626,0.01439,-0.01439
31.07.2024 - 16:01:59,BTC,Close Long,66184,0.00227,150.23767999999998,0.050479,0.280941
31.07.2024 - 17:16:48,BTC,Open Long,66384,0.0015,99.57600000000001,0.009558,-0.009558
31.07.2024 - 22:50:34,BTC,Close Long,65531,0.0015,98.29650000000001,0.033026,-1.312526
01.08.2024 - 11:32:34,BTC,Open Long,64486,0.04071,2625.22506,0.882074,-0.882074
01.08.2024 - 11:32:38,BTC,Close Long,64485,0.04071,2625.18435,0.882061,-0.922771
01.08.2024 - 13:12:58,ETH,Open Short,3182.6,0.0942,299.80092,0.100732,-0.100732
01.08.2024 - 15:15:34,ETH,Close Short,3200.5,0.0942,301.4871,0.101299,-1.787479
29.11.2024 - 10:59:56,HYPE/USDC,Sell,4.10006684,37.46,153.5885038264,0.051604,153.536526
16.12.2024 - 16:26:16,BTC,Open Short,104400,0.00478,499.03200000000004,0.047906,-0.047906
18.12.2024 - 16:53:54,BTC,Close Short,104101,0.00478,497.60278000000005,0.167193,1.262027
07.02.2025 - 17:50:21,PURR/USDC,Buy,0.12827062,2732,350.43533384,0.91792,-0.1177421675104
09.02.2025 - 09:57:15,PURR/USDC,Sell,0.13994114,2731,382.17925334,0.128409,31.626033999999997
09.02.2025 - 20:11:28,PURR/USDC,Buy,0.13332,537,71.59284,0.05154,-0.0068713128
09.02.2025 - 20:11:48,PURR/USDC,Buy,0.13332,77,10.26564,0.00738,-0.0009839016
09.02.2025 - 20:11:48,PURR/USDC,Buy,0.13332,886,118.12151999999999,0.08505,-0.011338866
10.02.2025 - 18:54:52,PENGU,Open Long,0.010307,9684,99.812988,0.033536,-0.033536
10.02.2025 - 18:55:09,PENGU,Close Long,0.010305,9684,99.79362,0.033529,-0.052897
10.02.2025 - 23:19:38,PENGU,Open Long,0.01004,9960,99.9984,0.009599,-0.009599
11.02.2025 - 08:26:04,PENGU,Close Long,0.011063,9960,110.18748,0.037022,10.152058
11.02.2025 - 09:43:55,PURR/USDC,Buy,0.14221,351,49.915710000000004,0.11792,-0.0167694032
11.02.2025 - 15:06:36,SNX,Open Short,1.0163,212,215.4556,0.020683,-0.020683
11.02.2025 - 15:06:44,SNX,Open Short,1.0163,230.7,234.46041,0.022508,-0.022508
11.02.2025 - 15:27:29,SNX,Close Short,1.004,442.6,444.3704,0.042659,5.401320999999999
11.02.2025 - 15:29:57,SNX,Close Short,1.0046,0.1,0.10046,0.000033,0.001137
11.02.2025 - 15:41:59,HYPE/USDC,Buy,24.15,8.28,199.96199999999996,0.00079486,-0.019195868999999997
11.02.2025 - 19:41:42,SNX,Open Long,0.98178,254.6,249.961188,0.023996,-0.023996
12.02.2025 - 19:57:24,ETH,Open Long,2669.5,0.1872,499.73040000000003,0.167908,-0.167908
14.02.2025 - 11:41:34,PURR/USDC,Sell,0.16760939,1850,310.07737149999997,0.104183,60.177693
17.02.2025 - 18:10:06,LINK,Open Long,19.15,7.8,149.36999999999998,0.014339,-0.014339
17.02.2025 - 18:48:16,LINK,Open Long,19,5.2,98.8,0.009484,-0.009484
17.02.2025 - 21:07:35,SNX,Close Long,0.98348,254.6,250.394008,0.084131,0.34868899999999997
17.02.2025 - 21:07:40,ETH,Close Long,2703.2,0.1872,506.03904,0.170028,6.138611999999999
18.02.2025 - 09:29:04,ETH,Open Short,2675.2,0.187,500.26239999999996,0.168087,-0.168087
18.02.2025 - 09:29:16,ETH,Close Short,2674.7,0.187,500.16889999999995,0.168056,-0.07455600000000001
18.02.2025 - 11:19:14,ETH,Open Short,2685.5,0.1861,499.77155,0.047977,-0.047977
18.02.2025 - 12:00:36,PURR/USDC,Buy,0.13886,720,99.9792,0.06911,-0.009596614600000001
18.02.2025 - 17:50:53,LINK,Open Long,17.6,5.6,98.56,0.009461,-0.009461
18.02.2025 - 20:23:32,ETH,Close Short,2633,0.1861,490.00129999999996,0.16464,9.60561
21.02.2025 - 02:43:22,SNX,Open Long,0.98577,19.1,18.828207000000003,0.001806,-0.001806
21.02.2025 - 02:43:54,SNX,Open Long,0.98577,17.4,17.152397999999998,0.001646,-0.001646
21.02.2025 - 02:44:01,SNX,Open Long,0.98577,15.6,15.378012,0.001475,-0.001475
21.02.2025 - 02:44:17,SNX,Open Long,0.98577,29.9,29.474523,0.002829,-0.002829
21.02.2025 - 02:45:16,SNX,Open Long,0.98577,31.6,31.150332000000002,0.00299,-0.00299
21.02.2025 - 02:46:13,SNX,Open Long,0.98577,20.2,19.912554,0.001911,-0.001911
21.02.2025 - 02:47:57,SNX,Open Long,0.98577,16.7,16.462359,0.00158,-0.00158
21.02.2025 - 02:49:08,SNX,Open Long,0.98577,18.5,18.236745,0.00175,-0.00175
21.02.2025 - 02:49:22,SNX,Open Long,0.98577,84.6,83.396142,0.008005,-0.008005
21.02.2025 - 11:24:57,LINK,Close Long,18.669,18.6,347.2434,0.116673,0.3968729999999999
21.02.2025 - 12:25:52,SNX,Close Long,1.0361,253.6,262.75496,0.088285,12.675403
23.02.2025 - 10:00:52,IMX,Open Long,0.72757,23.8,17.316166000000003,0.001661,-0.001661
23.02.2025 - 10:00:54,IMX,Open Long,0.72757,525.9,382.62906300000003,0.036731,-0.036731
23.02.2025 - 10:09:35,ENA,Open Long,0.46544,429,199.67376000000002,0.067089,-0.067089
23.02.2025 - 10:10:55,PENDLE,Open Long,3.5614,60,213.684,0.020513,-0.020513
23.02.2025 - 10:10:56,PENDLE,Open Long,3.5614,52,185.1928,0.017778,-0.017778
24.02.2025 - 06:02:33,PURR/USDC,Buy,0.1192,838,99.8896,0.08043,-0.009587256
24.02.2025 - 14:20:24,IMX,Close Long,0.6918287118,274.8,190.11453000264,0.063877,-9.885583
25.02.2025 - 00:10:48,PURR/USDC,Buy,0.10422,959,99.94698,0.09205,-0.009593451
25.02.2025 - 07:56:41,HYPE/USDC,Buy,18.919,5.29,100.08151000000001,0.00177736,-0.03362587384
26.02.2025 - 17:12:54,IMX,Close Long,0.73751,274.9,202.74149899999998,0.06812,2.664386
03.03.2025 - 20:56:16,SNX,Open Long,0.91633,327.3,299.914809,0.028791,-0.028791
04.03.2025 - 14:10:33,PURR,Open Long,0.091563,203,18.587289000000002,0.001783,-0.001783
04.03.2025 - 14:11:29,PURR,Open Long,0.091563,749,68.580687,0.006583,-0.006583
04.03.2025 - 14:11:36,PURR,Open Long,0.091563,140,12.81882,0.001229,-0.001229
05.03.2025 - 08:29:25,PURR,Close Long,0.09508,1092,103.82736,0.034885,3.805679
05.03.2025 - 13:25:35,PURR,Open Long,0.091563,546,49.993398000000006,0.004799,-0.004799
19.03.2025 - 07:52:24,PURR,Close Long,0.09274,546,50.63604,0.017013,0.625629
22.03.2025 - 19:02:55,PURR/USDC,Sell,0.1219605564,2516,306.8527599024,0.1031,7.024228
26.03.2025 - 16:22:30,TIA,Open Long,3.5137,85.3,299.71861,0.028772,-0.028772
26.03.2025 - 22:03:49,HYPE/USDC,Buy,14.06,4.76,66.9256,0.00159928,-0.022485876800000002
09.04.2025 - 16:52:34,SOL,Open Long,106.23,4.7,499.28100000000006,0.167758,-0.167758
09.04.2025 - 16:54:11,BTC,Open Long,77621,0.00643,499.10303,0.167698,-0.167698
09.04.2025 - 20:10:00,SOL,Close Long,108.01,4.7,507.64700000000005,0.170568,8.195432
09.04.2025 - 20:10:04,BTC,Close Long,78323,0.00643,503.61689,0.169214,4.344646
10.04.2025 - 04:41:48,USDXL/USDC,Buy,0.995,2010.05,1999.99975,0.1929638,-0.19199898099999999
10.04.2025 - 08:15:28,USDXL/USDC,Sell,0.99601,2009.85,2001.8306984999997,0.672614,1.165336
10.04.2025 - 18:58:22,USDXL/USDC,Buy,0.995,815.11,811.03445,0.0782492,-0.07785795400000001
10.04.2025 - 18:58:26,USDXL/USDC,Buy,0.995,1005.22,1000.1939,0.0965005,-0.09601799750000001
10.04.2025 - 18:58:30,USDXL/USDC,Buy,0.995,1004.51,999.48745,0.0964321,-0.09594993950000001
10.04.2025 - 19:03:35,USDXL/USDC,Buy,0.995,133.73,133.06134999999998,0.0128371,-0.012772914500000001
10.04.2025 - 19:03:51,USDXL/USDC,Buy,0.995,56.5,56.2175,0.0054231,-0.0053959845
10.04.2025 - 21:44:26,USDXL/USDC,Sell,1.0089,2282.13,2302.440957,0.221034,31.282567
10.04.2025 - 22:34:17,USDXL/USDC,Sell,1.0089,691.4,697.5534599999999,0.066964,9.477449
11.04.2025 - 07:34:02,USDXL/USDC,Buy,0.995,140.42,139.7179,0.0134793,-0.013411903499999999
11.04.2025 - 07:34:18,USDXL/USDC,Buy,0.995,901.78,897.2710999999999,0.0865698,-0.086136951
11.04.2025 - 07:34:26,USDXL/USDC,Buy,0.995,300.56,299.0572,0.0288522,-0.028707939000000002
11.04.2025 - 07:34:34,USDXL/USDC,Buy,0.995,667.29,663.95355,0.0640592,-0.063738904
11.04.2025 - 16:37:22,USDXL/USDC,Sell,1.005,91.38,91.83689999999999,0.008815,0.8962559999999999
11.04.2025 - 16:37:24,USDXL/USDC,Sell,1.005,30.37,30.521849999999997,0.002929,0.29786999999999997
11.04.2025 - 16:37:29,USDXL/USDC,Sell,1.005,30.37,30.521849999999997,0.002929,0.29786999999999997
11.04.2025 - 16:39:16,USDXL/USDC,Sell,1.005,400.01,402.0100499999999,0.038592,3.9232970000000003
11.04.2025 - 16:39:21,USDXL/USDC,Sell,1.005,30.5,30.652499999999996,0.002942,0.299145
11.04.2025 - 16:39:27,USDXL/USDC,Sell,1.005,30.52,30.672599999999996,0.002944,0.299341
11.04.2025 - 16:39:39,USDXL/USDC,Sell,1.005,30.52,30.672599999999996,0.002944,0.299341
11.04.2025 - 16:39:52,USDXL/USDC,Sell,1.005,381.88,383.78939999999994,0.036842,3.745479
12.04.2025 - 04:05:48,USDXL/USDC,Buy,0.99196,28.72,28.489091199999997,0.0027561,-0.002733940956
12.04.2025 - 04:05:52,USDXL/USDC,Buy,0.99196,1859.97,1845.0158411999998,0.1785555,-0.17711991378
12.04.2025 - 04:06:00,USDXL/USDC,Buy,0.99196,127.52,126.49473919999998,0.0122414,-0.012142979144
12.04.2025 - 06:58:12,USDXL/USDC,Buy,0.99215,379.74,376.759041,0.0364541,-0.036167935315000004
12.04.2025 - 06:58:16,USDXL/USDC,Buy,0.99215,532.71,528.5282265000001,0.0511384,-0.05073696356
12.04.2025 - 23:03:24,USDXL/USDC,Sell,1.002,287.28,287.85456,0.027633,2.5901590000000003
12.04.2025 - 23:04:36,USDXL/USDC,Sell,1.002,200.18,200.58036,0.019255,1.804853
12.04.2025 - 23:05:42,USDXL/USDC,Sell,1.002,300,300.6,0.028857,2.704844
12.04.2025 - 23:06:00,USDXL/USDC,Sell,1.002,300,300.6,0.028857,2.704844
12.04.2025 - 23:06:03,USDXL/USDC,Sell,1.002,164.76,165.08952,0.015847,1.485502
12.04.2025 - 23:33:58,USDXL/USDC,Sell,1.002,109.25,109.4685,0.010508,0.9850150000000001
12.04.2025 - 23:34:54,USDXL/USDC,Sell,1.002,17.36,17.39472,0.001669,0.156522
12.04.2025 - 23:35:08,USDXL/USDC,Sell,1.002,1200,1202.4,0.11543,10.819372
12.04.2025 - 23:36:31,USDXL/USDC,Sell,1.002,145.14,145.43027999999998,0.013961,1.308604
12.04.2025 - 23:36:47,USDXL/USDC,Sell,1.002,495.62,496.61124,0.047674,4.4685820000000005
12.04.2025 - 23:36:48,USDXL/USDC,Sell,1.002,734.35,735.8187,0.070637,6.6210070000000005
13.04.2025 - 06:44:40,USDXL/USDC,Buy,0.99312,455.55,452.415816,0.0437318,-0.043430925216000005
13.04.2025 - 06:44:44,USDXL/USDC,Buy,0.99312,152.48,151.4309376,0.0146377,-0.014536992624
13.04.2025 - 06:46:44,USDXL/USDC,Buy,0.99312,235.84,234.2174208,0.0226397,-0.022483938864
13.04.2025 - 06:47:08,USDXL/USDC,Buy,0.99312,261.9,260.098128,0.0251409,-0.024967930608
13.04.2025 - 06:47:17,USDXL/USDC,Buy,0.99312,261.89,260.0881968,0.0251399,-0.024966937488
13.04.2025 - 06:47:43,USDXL/USDC,Buy,0.99312,113.86,113.0766432,0.0109291,-0.010853907792000001
13.04.2025 - 06:48:02,USDXL/USDC,Buy,0.99312,28.87,28.6713744,0.002771,-0.00275193552
13.04.2025 - 07:07:16,USDXL/USDC,Buy,0.99099,93.19,92.35035810000001,0.0089455,-0.008864901045
13.04.2025 - 07:07:32,USDXL/USDC,Buy,0.99099,354.98,351.78163020000005,0.034077,-0.033769966230000004
13.04.2025 - 07:07:44,USDXL/USDC,Buy,0.99099,560.92,555.8661108,0.0538471,-0.053361937629
13.04.2025 - 08:14:34,USDXL/USDC,Buy,0.98906,1011.06,999.9990036,0.0970608,-0.095998954848
14.04.2025 - 05:25:51,USDXL/USDC,Sell,1.0012,426.83,427.342196,0.041024,4.123258
14.04.2025 - 05:25:53,USDXL/USDC,Sell,1.0012,630.53,631.286636,0.060602,6.091038
14.04.2025 - 05:25:56,USDXL/USDC,Sell,1.0012,315.36,315.73843200000005,0.03031,3.046437
14.04.2025 - 05:25:58,USDXL/USDC,Sell,1.0012,0.15,0.15018,0.000014,0.0014500000000000001
14.04.2025 - 05:26:08,USDXL/USDC,Sell,1.0012,2157.32,2159.908784,0.20735,20.840111999999998
14.04.2025 - 07:32:20,USDXL/USDC,Buy,0.99156,1008.51,999.9981756,0.0968161,-0.095998972116
14.04.2025 - 07:32:20,USDXL/USDC,Buy,0.9885,2023.26,1999.99251,0.1942326,-0.19199892510000002
14.04.2025 - 13:30:45,HYPE/USDC,Buy,15.746,0.64,10.077440000000001,0.00021497,-0.0033849176200000004
14.04.2025 - 16:02:31,USDXL/USDC,Sell,1,471.68,471.68,0.045281,4.854102
14.04.2025 - 16:02:37,USDXL/USDC,Sell,1,1101.01,1101.01,0.105696,11.330595
14.04.2025 - 16:02:50,USDXL/USDC,Sell,1,100.06,100.06,0.009605,1.029728
14.04.2025 - 16:03:18,USDXL/USDC,Sell,1,500.38,500.38,0.048036,5.149457
14.04.2025 - 16:03:24,USDXL/USDC,Sell,1,300.2,300.2,0.028819,3.089386
14.04.2025 - 16:03:28,USDXL/USDC,Sell,1,100.07,100.07,0.009606,1.029831
14.04.2025 - 16:03:37,USDXL/USDC,Sell,1,100.08,100.08,0.009607,1.029933
14.04.2025 - 16:03:47,USDXL/USDC,Sell,1,100.09,100.09,0.009608,1.030036
14.04.2025 - 16:03:48,USDXL/USDC,Sell,1,50,50,0.0048,0.514555
14.04.2025 - 16:03:53,USDXL/USDC,Sell,1,100.09,100.09,0.009608,1.030036
14.04.2025 - 16:04:16,USDXL/USDC,Sell,1,50,50,0.0048,0.514555
14.04.2025 - 16:04:41,USDXL/USDC,Sell,1,50,50,0.0048,0.514555
14.04.2025 - 16:05:06,USDXL/USDC,Sell,1,7.83,7.83,0.000751,0.08058
14.04.2025 - 16:44:19,USDXL/USDC,Buy,0.99209,775.75,769.6138175,0.074471,-0.07388193439
14.04.2025 - 16:44:20,USDXL/USDC,Buy,0.99209,736.2,730.376658,0.070674,-0.07011496866
14.04.2025 - 17:41:32,USDXL/USDC,Sell,1.002,1511.79,1514.81358,0.145421,14.692423
14.04.2025 - 18:43:17,USDXL/USDC,Buy,0.99209,82.1,81.450589,0.0078813,-0.007818958917000001
14.04.2025 - 18:43:25,USDXL/USDC,Buy,0.99209,20.75,20.5858675,0.0019907,-0.001974953563
14.04.2025 - 18:43:55,USDXL/USDC,Buy,0.99209,20.75,20.5858675,0.0019907,-0.001974953563
14.04.2025 - 18:44:25,USDXL/USDC,Buy,0.99209,20.76,20.595788400000004,0.0019917,-0.0019759456529999998
14.04.2025 - 18:44:55,USDXL/USDC,Buy,0.99209,20.75,20.5858675,0.0019907,-0.001974953563
14.04.2025 - 18:47:17,USDXL/USDC,Buy,0.99209,1039.5,1031.2775550000001,0.0997903,-0.099000958727
14.04.2025 - 18:47:37,USDXL/USDC,Buy,0.99209,126.01,125.0132609,0.0120956,-0.011999923804
14.04.2025 - 18:47:41,USDXL/USDC,Buy,0.99209,157.41,156.1648869,0.0151105,-0.014990975945
14.04.2025 - 18:47:43,USDXL/USDC,Buy,0.99209,23.92,23.730792800000003,0.0022961,-0.0022779378490000004
15.04.2025 - 16:04:33,SOL,Open Long,132.55,7.54,999.4270000000001,0.335807,-0.335807
15.04.2025 - 16:54:52,SOL,Close Long,132.79,7.54,1001.2366,0.336414,1.473186
15.04.2025 - 17:02:03,USDXL/USDC,Buy,0.98968,260.79,258.0986472,0.0250343,-0.024775946024
15.04.2025 - 17:02:18,USDXL/USDC,Buy,0.98968,749.63,741.8938184,0.0719636,-0.071220935648
15.04.2025 - 17:03:46,USDXL/USDC,Buy,0.98726,1012.9,999.9956540000001,0.0972357,-0.095996917182
16.04.2025 - 14:14:24,STRK,Open Long,0.12365,133,16.44545,0.001578,-0.001578
16.04.2025 - 14:14:31,STRK,Open Long,0.12365,147.8,18.275470000000002,0.001753,-0.001753
16.04.2025 - 14:14:43,STRK,Open Long,0.12365,2307.1,285.27291499999995,0.027385,-0.027385
16.04.2025 - 17:23:39,USDXL/USDC,Sell,0.99698,25.43,25.3532014,0.002433,0.17221
16.04.2025 - 17:23:39,USDXL/USDC,Sell,0.99698,142.88,142.4485024,0.013674,0.96757
16.04.2025 - 17:23:43,USDXL/USDC,Sell,0.99698,38.27,38.154424600000006,0.003662,0.259161
16.04.2025 - 17:23:58,USDXL/USDC,Sell,0.99698,50,49.849,0.004784,0.338597
16.04.2025 - 17:23:58,USDXL/USDC,Sell,0.99698,3278.35,3268.4493829999997,0.31377,22.200647999999997
16.04.2025 - 19:22:26,USDXL/USDC,Buy,0.98968,54.27,53.70993360000001,0.0052087,-0.0051549462160000005
16.04.2025 - 19:22:31,USDXL/USDC,Buy,0.98968,26.47,26.196829599999997,0.0025402,-0.0025139851359999997
16.04.2025 - 19:22:39,USDXL/USDC,Buy,0.98968,540.16,534.5855488,0.0518541,-0.051318965688
16.04.2025 - 19:22:41,USDXL/USDC,Buy,0.98968,894.74,885.5062832,0.0858934,-0.08500698011199999
16.04.2025 - 20:56:15,USDXL/USDC,Buy,0.9874,1012.76,999.999224,0.097224,-0.09599897760000001
16.04.2025 - 23:15:18,USDXL/USDC,Sell,0.9975,2528.17,2521.849575,0.242096,21.597062
17.04.2025 - 11:34:22,BLUR,Open Long,0.0971,515,50.0065,0.0048,-0.0048
17.04.2025 - 11:34:22,BLUR,Open Long,0.0971,515,50.0065,0.0048,-0.0048
17.04.2025 - 11:34:27,BLUR,Open Long,0.0971,740,71.854,0.006897,-0.006897
17.04.2025 - 11:34:35,BLUR,Open Long,0.0971,289,28.0619,0.002693,-0.002693
18.04.2025 - 16:54:29,BLUR,Close Long,0.099641,1029,102.53058899999999,0.034449,2.58024
19.04.2025 - 22:06:19,STRK,Close Long,0.1296385077,1811.3,234.81422899700996,0.078896,10.768088
20.04.2025 - 06:28:56,BLUR,Close Long,0.1023,1030,105.369,0.035403,5.321627
20.04.2025 - 10:20:45,USDXL/USDC,Buy,0.99306,848.94,843.0483564000001,0.0814965,-0.08093091429
20.04.2025 - 10:20:51,USDXL/USDC,Buy,0.99306,158.04,156.9432024,0.0151712,-0.015065911872
20.04.2025 - 21:57:26,HYPE/USDC,Sell,17.514,0.62,10.85868,0.003648,1.089232
21.04.2025 - 08:41:18,STRK,Close Long,0.13673,776.6,106.184518,0.035677,10.122251
21.04.2025 - 19:47:45,USDXL/USDC,Buy,0.99306,125.25,124.38076500000001,0.0120234,-0.011939957604
21.04.2025 - 19:53:57,USDXL/USDC,Buy,0.99306,1385.23,1375.6165038000001,0.1329808,-0.132057913248
23.04.2025 - 02:13:29,USDXL/USDC,Sell,0.99713,2517.21,2509.9856073,0.240958,9.764092999999999
25.04.2025 - 18:34:49,PENDLE,Close Long,3.6558,112,409.44960000000003,0.137574,10.435226
01.05.2025 - 16:14:11,BTC,Open Short,96500,0.00725,699.625,0.067163,-0.067163
02.05.2025 - 18:39:48,SOL,Open Short,150,0.26,39,0.003744,-0.003744
02.05.2025 - 18:39:49,SOL,Open Short,150,0.97,145.5,0.013968,-0.013968
02.05.2025 - 18:39:49,SOL,Open Short,150,1.34,201,0.019296,-0.019296
02.05.2025 - 18:39:56,SOL,Open Short,150,2.04,306,0.029376,-0.029376
02.05.2025 - 18:39:59,SOL,Open Short,150,2.05,307.5,0.02952,-0.02952
03.05.2025 - 12:55:57,SOL,Close Short,146.98,6.66,978.8868,0.328904,19.784295999999998
05.05.2025 - 01:14:45,USDXL/USDC,Buy,0.98969,440.05,435.5130845,0.0422435,-0.041807969515
05.05.2025 - 01:14:47,USDXL/USDC,Buy,0.98969,1350.6,1336.6753139999998,0.1296567,-0.12831993942300002
05.05.2025 - 01:14:47,USDXL/USDC,Buy,0.98969,230.18,227.8068442,0.0220958,-0.021867992301999997
05.05.2025 - 01:32:54,BTC,Close Short,94965,0.00725,688.49625,0.231334,10.897416
05.05.2025 - 16:40:02,USDXL/USDC,Buy,0.98877,634.61,627.4833297,0.2436896,-0.240952965792
05.05.2025 - 16:40:03,USDXL/USDC,Buy,0.98877,12.07,11.934453900000001,0.004634,-0.0045819601800000005
05.05.2025 - 16:40:08,USDXL/USDC,Buy,0.98877,364.67,360.5747559,0.1400315,-0.13845894625500002
05.05.2025 - 19:33:05,SOL,Open Long,145.1693904209,6.89,1000.2171000000009,0.432092,-0.432092
06.05.2025 - 02:11:41,USDXL/USDC,Buy,0.9875,1012.65,999.991875,0.3888567,-0.38399599125
06.05.2025 - 06:46:16,SOL,Close Long,144.41,6.89,994.9848999999999,0.429832,-5.661409
06.05.2025 - 16:41:14,BTC,Open Long,93822,0.01598,1499.27556,0.647687,-0.647687
06.05.2025 - 16:50:58,BTC,Close Long,93645,0.01598,1496.4471,0.646464,-3.474924
06.05.2025 - 17:02:40,BTC,Open Long,93975,0.01596,1499.841,0.64793,-0.64793
06.05.2025 - 21:48:09,BTC,Close Long,94914,0.01596,1514.8274399999998,0.654405,14.332035
12.05.2025 - 13:51:50,SNX,Close Long,0.91555,327.3,299.659515,0.129452,-0.38474600000000003
12.05.2025 - 16:55:17,BTC,Open Long,104441,0.01914,1999.0007400000002,0.863568,-0.863568
12.05.2025 - 17:26:49,BTC,Close Long,103580,0.01914,1982.5212000000001,0.856448,-17.335988
13.05.2025 - 15:30:09,BTC,Open Short,103900,0.01058,1099.2620000000002,0.158293,-0.158293
14.05.2025 - 07:29:39,BTC,Close Short,103713,0.01058,1097.2835400000001,0.474025,1.5044350000000002
14.05.2025 - 13:52:03,BTC,Open Long,103728,0.01928,1999.87584,0.287981,-0.287981
14.05.2025 - 17:31:30,BTC,Close Long,103050,0.01928,1986.8039999999999,0.858298,-13.930138
22.05.2025 - 16:45:36,USDXL/USDC,Buy,0.98322,349.05,343.192941,0.2345615,-0.23062555803
22.05.2025 - 16:45:39,USDXL/USDC,Buy,0.98322,137.95,135.635199,0.0529727,-0.052083818094
22.05.2025 - 16:45:40,USDXL/USDC,Buy,0.98322,21.53,21.1687266,0.0082675,-0.008128771350000001
22.05.2025 - 16:49:21,HYPE/USDC,Buy,30.823,0.35,10.78805,0.00023519,-0.00724926137
22.05.2025 - 16:59:14,HYPE/USDC,Sell,30.966,0.34,10.528440000000002,0.00404291,0.03753109
23.05.2025 - 07:47:01,USDXL/USDC,Sell,0.98969,4040.08,3998.4267751999996,1.53539588,3.06586012
16.06.2025 - 14:55:23,ALT,Open Short,0.039827,4066,161.93658200000002,0.023318,-0.023318
16.06.2025 - 14:55:26,ALT,Open Short,0.039827,2631,104.78483700000001,0.015088,-0.015088
16.06.2025 - 14:55:27,ALT,Open Short,0.039827,18411,733.254897,0.105588,-0.105588
16.06.2025 - 19:01:38,ALT,Close Short,0.0353111224,25108,886.5916612192,0.383,113.001655
16.06.2025 - 20:55:01,ALT,Open Short,0.036357,4126,150.008982,0.064803,-0.064803
17.06.2025 - 08:15:07,ALT,Close Short,0.033373,741,24.729392999999998,0.010682,2.200462
17.06.2025 - 08:15:13,ALT,Close Short,0.033384,3384,112.97145599999999,0.016267,10.044365
17.06.2025 - 08:15:38,ALT,Close Short,0.033379,1,0.033379,0.000004,0.002974
17.06.2025 - 09:53:13,ALT,Open Short,0.035364,5655,199.98342,0.028797,-0.028797
22.06.2025 - 05:55:05,ALT,Close Short,0.028247,5654,159.708538,0.022997,40.216521
22.06.2025 - 05:56:02,ALT,Close Short,0.028261,1,0.028261,0.000003,0.0070999999999999995
24.06.2025 - 00:13:19,PURR,Open Long,0.18919,1057,199.97383,0.028796,-0.028796
24.06.2025 - 06:01:03,PURR,Close Long,0.20251,1056,213.85056,0.030793,14.035127000000001
24.06.2025 - 06:01:49,PURR,Close Long,0.2026,1,0.2026,0.000028,0.013382
25.06.2025 - 16:25:09,ETH,Open Long,2438.7,0.773,1885.1151,0.271455,-0.271455
25.06.2025 - 16:25:09,ETH,Open Long,2438.7,0.1291,314.83617,0.045336,-0.045336
25.06.2025 - 17:55:56,ETH,Open Long,2427,0.7004,1699.8708000000001,0.24478,-0.24478
26.06.2025 - 06:40:59,ETH,Close Long,2485.9,1.6023,3983.1575700000003,1.720723,82.11161299999999
26.06.2025 - 15:08:33,ONDO,Open Long,0.7456,268,199.82080000000002,0.028774,-0.028774
27.06.2025 - 04:09:35,ETH,Close Long,2387.1,0.0002,0.47742,0.000205,-0.009501
27.06.2025 - 04:09:38,ONDO,Open Long,0.72205,166,119.8603,0.017259,-0.017259
03.07.2025 - 17:05:13,PURR,Open Long,0.20893,2650,553.6645,0.079727,-0.079727
03.07.2025 - 17:05:30,PURR,Open Long,0.20893,976,203.91568,0.029363,-0.029363
03.07.2025 - 17:05:41,PURR,Open Long,0.20893,1166,243.61238,0.035079,-0.035079
03.07.2025 - 21:58:02,PURR,Close Long,0.19602,3315,649.8063,0.093571,-42.890221
04.07.2025 - 01:18:03,PURR,Close Long,0.19697,165,32.50005,0.00468,-1.97808
04.07.2025 - 01:18:33,PURR,Close Long,0.19697,166,32.69702,0.004707,-1.990067
04.07.2025 - 01:18:39,PURR,Close Long,0.19697,1146,225.72762,0.032504,-13.738664
04.07.2025 - 13:54:54,USDXL/USDC,Buy,1.0006,449.77,450.03986199999997,0.3022454,-0.30242674723999996
04.07.2025 - 13:56:18,USDXL/USDC,Buy,1.0007,56.92,56.959844,0.0382502,-0.038276975139999996
04.07.2025 - 16:51:23,S,Open Long,0.315,61,19.215,0.002766,-0.002766
04.07.2025 - 16:58:38,S,Open Long,0.315,191,60.165,0.008663,-0.008663
04.07.2025 - 16:58:45,S,Open Long,0.315,1335,420.525,0.060554,-0.060554
07.07.2025 - 16:33:37,ETH,Open Long,2554.5,0.1394,356.0973,0.051277,-0.051277
07.07.2025 - 16:33:37,ETH,Open Long,2554.5,0.583,1489.2735,0.214453,-0.214453
07.07.2025 - 16:33:37,ETH,Open Long,2554.5,0.335,855.7575,0.123228,-0.123228
07.07.2025 - 16:33:37,ETH,Open Long,2554.5,0.734,1875.003,0.269998,-0.269998
07.07.2025 - 16:33:37,ETH,Open Long,2554.5,0.1655,422.76975000000004,0.060878,-0.060878
07.07.2025 - 17:13:19,ETH,Close Long,2554.3,1.9569,4998.50967,2.159354,-2.550734
07.07.2025 - 18:31:14,BTC,Open Long,108603,0.04604,5000.08212,2.160034,-2.160034
07.07.2025 - 19:21:37,BTC,Close Long,108001,0.04604,4972.36604,2.148061,-29.864141000000004
08.07.2025 - 17:38:02,BNB,Open Short,660,0.6,396,0.057023,-0.057023
08.07.2025 - 17:38:02,BNB,Open Short,660,0.585,386.09999999999997,0.055597,-0.055597
08.07.2025 - 17:38:02,BNB,Open Short,660,11.763,7763.58,1.117955,-1.117955
08.07.2025 - 17:38:02,BNB,Open Short,660,0.947,625.02,0.090001,-0.090001
08.07.2025 - 17:38:06,BNB,Open Short,660,1.256,828.96,0.119369,-0.119369
08.07.2025 - 20:07:54,BNB,Close Short,660.0453046004,15.151,10000.34641000066,4.320142,-5.006551999999999
10.07.2025 - 12:20:09,ARB,Open Long,0.3618064189,1105.8,400.08553801961995,0.172835,-0.172835
10.07.2025 - 20:33:06,ONDO,Close Long,0.87131,325,283.17575,0.122331,43.661018999999996
11.07.2025 - 13:43:50,S,Close Long,0.35447,1269,449.82243,0.194323,49.893107
13.07.2025 - 21:27:45,PURR,Open Long,0.23257,1289,299.78273,0.129505,-0.129505
14.07.2025 - 09:04:27,ARB,Close Long,0.42086,552.8,232.65140799999998,0.100505,32.547863
15.07.2025 - 07:35:58,USDXL/USDC,Buy,0.9884914964,505.81,499.988883794084,0.3399042,-0.3359924112906449
16.07.2025 - 16:35:31,ONDO,Open Long,0.95191,104,98.99864000000001,0.042767,-0.042767
17.07.2025 - 06:52:50,ONDO,Close Long,0.93901,213,200.00913,0.086403,20.635728
17.07.2025 - 06:52:57,ARB,Close Long,0.42983,553,237.69599,0.102684,37.517905999999996
17.07.2025 - 14:32:29,JTO,Open Long,1.9144,158,302.47520000000003,0.043554,-0.043554
17.07.2025 - 14:32:32,JTO,Open Long,1.9144,63,120.6072,0.017365,-0.017365
17.07.2025 - 14:32:32,JTO,Open Long,1.9144,40,76.57600000000001,0.011024,-0.011024
20.07.2025 - 14:52:06,ENA,Close Long,0.50699,429,217.49871000000002,0.093959,17.730991
21.07.2025 - 12:41:15,VIRTUAL,Open Long,1.8885,407.7,769.94145,0.110871,-0.110871
21.07.2025 - 19:01:26,VIRTUAL,Close Long,1.9077,407.7,777.76929,0.335996,7.491844
21.07.2025 - 19:18:42,VIRTUAL,Open Long,1.8618,268.5,499.89329999999995,0.071983,-0.071983
21.07.2025 - 22:05:44,VIRTUAL,Close Long,1.8694,268.5,501.9339,0.216835,1.8237649999999999
22.07.2025 - 05:37:53,JTO,Close Long,2.302,195,448.89,0.19392,75.38807999999999
22.07.2025 - 17:11:10,SOL,Open Short,199.68,10,1996.8000000000002,0.287539,-0.287539
22.07.2025 - 17:11:10,SOL,Open Short,199.68,0.01,1.9968000000000001,0.000287,-0.000287
22.07.2025 - 17:21:08,SOL,Close Short,199.4,10.01,1995.994,0.862268,1.940532
24.07.2025 - 07:04:12,JTO,Close Long,2.0661,66,136.36260000000001,0.058908,9.953292
24.07.2025 - 07:04:17,S,Close Long,0.34481,318,109.64958,0.047368,9.432212
24.07.2025 - 13:31:10,ETH,Open Long,3600,0.5,1800,0.2592,-0.2592
24.07.2025 - 17:48:52,ETH,Close Long,3700.6,0.5,1850.3,0.799329,49.500671
28.07.2025 - 08:35:27,ETHFI,Open Long,1.3059,229.4,299.57346,0.129415,-0.129415
28.07.2025 - 08:37:13,GMX,Open Long,14.062,28.42,399.64204,0.172643,-0.172643
28.07.2025 - 15:38:20,HYPE,Open Long,44.348,67.64,2999.69872,0.431955,-0.431955
28.07.2025 - 16:47:40,HYPE,Close Long,45.6409722058,67.64,3087.1553600003117,1.333647,86.122993
29.07.2025 - 16:24:54,PUMP,Open Long,0.002647,75843,200.75642100000002,0.086726,-0.086726
30.07.2025 - 13:11:29,ETH,Open Short,3797,0.3026,1148.9722,0.165451,-0.165451
30.07.2025 - 13:11:29,ETH,Open Short,3797,0.4874,1850.6578,0.266491,-0.266491
30.07.2025 - 22:05:25,ETH,Close Short,3711.1,0.79,2931.7690000000002,1.266524,66.594476
31.07.2025 - 08:34:50,PURR,Close Long,0.1819,1289,234.4691,0.10129,-65.41492000000001
31.07.2025 - 08:35:10,PUMP,Close Long,0.003194,75843,242.242542,0.104647,41.381474
31.07.2025 - 12:43:28,EIGEN,Open Long,1.296,231.48,299.99808,0.043199,-0.043199
01.08.2025 - 16:51:06,PURR,Open Long,0.16427,1268,208.29436,0.029994,-0.029994
01.08.2025 - 16:51:08,PURR,Open Long,0.16427,558,91.66266,0.013199,-0.013199
04.08.2025 - 14:16:41,HYPE,Open Long,37.321,21.43,799.7890299999999,0.115169,-0.115169
04.08.2025 - 21:09:32,HYPE,Close Long,38.551,20.75,799.93325,0.115189,25.407311
06.08.2025 - 08:29:37,HYPE,Close Long,37.179,0.68,25.281720000000004,0.01092,-0.10748
06.08.2025 - 18:05:34,ONDO,Open Long,0.92743,13,12.05659,0.001735,-0.001735
06.08.2025 - 18:05:34,ONDO,Open Long,0.92743,112,103.87216,0.014956,-0.014956
06.08.2025 - 18:05:35,ONDO,Open Long,0.92743,111,102.94472999999999,0.014823,-0.014823
06.08.2025 - 18:06:00,ONDO,Open Long,0.92743,300,278.229,0.040064,-0.040064
06.08.2025 - 18:06:04,ONDO,Open Long,0.92743,13,12.05659,0.001735,-0.001735
06.08.2025 - 18:06:08,ONDO,Open Long,0.92743,160,148.3888,0.021367,-0.021367
06.08.2025 - 18:07:04,ONDO,Open Long,0.92743,13,12.05659,0.001735,-0.001735
06.08.2025 - 18:07:50,ONDO,Open Long,0.92743,105,97.38015,0.014022,-0.014022
06.08.2025 - 18:07:54,ONDO,Open Long,0.92743,75,69.55725,0.010015,-0.010015
06.08.2025 - 18:07:55,ONDO,Open Long,0.92743,176,163.22768,0.023503,-0.023503
07.08.2025 - 10:03:35,SOL,Open Long,169.52,8.84,1498.5568,0.215791,-0.215791
07.08.2025 - 15:43:33,SOL,Close Long,172.36,8.83,1521.9388000000001,0.657477,24.419723
07.08.2025 - 19:41:20,SOL,Close Long,169.41,0.01,1.6941,0.000731,-0.0018310000000000002
07.08.2025 - 19:46:34,W,Open Long,0.08049,3727.1,299.994279,0.043199,-0.043199
08.08.2025 - 03:37:25,ONDO,Close Long,1.013,1078,1092.014,0.471748,91.772712
09.08.2025 - 22:36:07,GMX,Close Long,17.085,14.21,242.77785000000003,0.10488,42.851949999999995
10.08.2025 - 05:22:19,GMX,Close Long,21.986,14.21,312.42106,0.134965,112.46507500000001
12.08.2025 - 08:36:03,W,Close Long,0.08342,3727.1,310.91468199999997,0.134314,10.786089
14.08.2025 - 07:36:56,JTO,Open Long,1.9651,203,398.9153,0.057443,-0.057443
15.08.2025 - 18:27:41,JTO,Close Long,1.7277,101,174.4977,0.075382,-24.052782
15.08.2025 - 18:28:37,kBONK,Open Long (Price Improved),0.023026,8685,199.98081000000002,0.028797,-0.028797
17.08.2025 - 22:14:11,kBONK,Close Long,0.023975,8685,208.222875,0.089952,8.152113
17.08.2025 - 22:14:20,PURR,Close Long,0.1783210515,1826,325.614240039,0.140662,25.516558
18.08.2025 - 13:29:26,MEME,Open Long,0.002018,16462,33.220316,0.004782,-0.004782
18.08.2025 - 14:04:22,MEME,Open Long,0.002018,132200,266.77959999999996,0.038415,-0.038415
19.08.2025 - 08:02:21,BTC,Open Long,115385,0.02599,2998.85615,1.295505,-1.295505
19.08.2025 - 17:28:12,BTC,Close Long,114231,0.02599,2968.86369,1.282548,-31.275008
20.08.2025 - 19:09:19,MEME,Close Long,0.002766,148499,410.74823399999997,0.059147,111.018105
20.08.2025 - 21:12:01,LTC,Open Long,115.27,0.62,71.4674,0.010291,-0.010291
20.08.2025 - 21:12:09,LTC,Open Long,115.27,3.01,346.9627,0.049962,-0.049962
20.08.2025 - 21:12:09,LTC,Open Long,115.27,0.7,80.689,0.011618,-0.011618
20.08.2025 - 21:25:35,LTC,Open Long,114.66,4.36,499.91760000000005,0.071987,-0.071987
20.08.2025 - 21:25:51,GRASS,Open Long,0.78665,381.3,299.949645,0.043192,-0.043192
20.08.2025 - 21:45:30,JTO,Close Long,1.7007,50,85.03500000000001,0.036734,-13.256734
22.08.2025 - 23:59:49,LTC,Close Long,123.3497698504,8.69,1071.9094999999759,0.463063,72.410146
24.08.2025 - 15:11:35,ETH,Open Short,4757.7,0.0719,342.07863000000003,0.049258,-0.049258
24.08.2025 - 15:11:36,ETH,Open Short,4757.7,0.0071,33.77967,0.004863,-0.004863
24.08.2025 - 15:11:36,ETH,Open Short,4757.7,0.3413,1623.8030099999999,0.233827,-0.233827
24.08.2025 - 18:11:54,ETH,Close Short,4825.8,0.4203,2028.28374,0.876217,-29.498647000000002
26.08.2025 - 08:17:39,PURR,Open Long,0.15949,100,15.949,0.002296,-0.002296
26.08.2025 - 08:17:39,PURR,Open Long,0.15949,250,39.872499999999995,0.00574,-0.00574
26.08.2025 - 08:17:41,PURR,Open Long,0.15949,100,15.949,0.002296,-0.002296
26.08.2025 - 08:17:42,PURR,Open Long,0.15949,650,103.6685,0.014928,-0.014928
26.08.2025 - 08:17:43,PURR,Open Long,0.15949,100,15.949,0.002296,-0.002296
26.08.2025 - 08:17:44,PURR,Open Long,0.15949,1281,204.30669,0.029418,-0.029418
26.08.2025 - 08:17:45,PURR,Open Long,0.15949,100,15.949,0.002296,-0.002296
26.08.2025 - 08:17:46,PURR,Open Long,0.15949,553,88.19797,0.012699,-0.012699
26.08.2025 - 18:20:13,PURR,Close Long,0.1922,1598,307.1356,0.132682,52.137898
27.08.2025 - 16:30:36,JTO,Open Long,1.945,26,50.57,0.007281,-0.007281
27.08.2025 - 16:30:37,JTO,Open Long,1.945,76,147.82,0.021285,-0.021285
28.08.2025 - 12:38:17,BNB,Open Long,867.15,0.241,208.98315,0.030092,-0.030092
28.08.2025 - 12:38:21,BNB,Open Long,867.15,0.27,234.1305,0.033714,-0.033714
28.08.2025 - 12:38:21,BNB,Open Long,867.15,0.642,556.7103,0.080164,-0.080164
28.08.2025 - 17:58:17,VIRTUAL,Open Long,1.2171,126.5,153.96315,0.02217,-0.02217
28.08.2025 - 17:58:18,VIRTUAL,Open Long,1.2171,73.9,89.94369000000002,0.012951,-0.012951
28.08.2025 - 17:58:19,VIRTUAL,Open Long,1.2171,19,23.1249,0.003328,-0.003328
28.08.2025 - 17:58:19,VIRTUAL,Open Long,1.2171,26.9,32.73999,0.004713,-0.004713
29.08.2025 - 12:02:47,BNB,Close Long,850.85,1.153,981.0300500000001,0.423804,-19.217704
31.08.2025 - 05:18:10,PURR,Close Long,0.16089,1536,247.12704000000002,0.106758,2.0436419999999997
01.09.2025 - 05:49:19,VIRTUAL,Close Long,1.0789,246.3,265.73307,0.114795,-34.153455
02.09.2025 - 14:58:32,ETH,Open Long,4340.1,0.3801,1649.67201,0.237552,-0.237552
03.09.2025 - 15:43:57,ETH,Close Long,4353.2,0.3801,1654.65132,0.714807,4.2645029999999995
04.09.2025 - 04:07:00,VIRTUAL,Open Long,1.1266,34.3,38.642379999999996,0.005564,-0.005564
04.09.2025 - 04:07:03,VIRTUAL,Open Long,1.1266,409.5,461.34270000000004,0.066432,-0.066432
09.09.2025 - 17:33:55,ONDO,Open Long,0.95691,1045,999.97095,0.143995,-0.143995
09.09.2025 - 21:11:04,USUAL,Open Long,0.06411,252.5,16.187775,0.00233,-0.00233
09.09.2025 - 21:11:12,USUAL,Open Long,0.06411,5986.7,383.807337,0.055266,-0.055266
10.09.2025 - 13:24:12,USUAL,Close Long,0.06832,236.9,16.185008000000003,0.002329,0.99502
10.09.2025 - 13:24:39,USUAL,Close Long,0.06832,1793.7,122.54558400000002,0.017645,7.533832
10.09.2025 - 13:24:41,USUAL,Close Long,0.06832,4208.5,287.52472,0.041402,17.676382999999998
10.09.2025 - 13:56:31,STRK,Open Long,0.13059,139.7,18.243423,0.002626,-0.002626
14.09.2025 - 16:55:56,STRK,Open Long,0.13059,1774.6,231.745014,0.03337,-0.03337
15.09.2025 - 11:02:59,USUAL,Open Long (Price Improved),0.06411,5771.3,369.998043,0.053279,-0.053279
17.09.2025 - 08:05:44,STRK,Close Long,0.1334041791,1914.3,255.37562005112997,0.11032,5.2768630000000005
17.09.2025 - 08:08:17,VIRTUAL,Close Long,1.2327,443.8,547.07226,0.078777,47.008402999999994
17.09.2025 - 08:13:33,USUAL,Close Long,0.06502,5771.4,375.25642799999997,0.16211,5.0898639999999995
17.09.2025 - 08:13:39,GRASS,Close Long,0.81205,381.3,309.63466500000004,0.133761,9.551259
17.09.2025 - 08:24:31,ONDO,Close Long,1.0101,17,17.1717,0.002472,0.901758
17.09.2025 - 08:24:39,ONDO,Close Long,1.0101,15,15.1515,0.002181,0.795669
17.09.2025 - 08:25:08,ONDO,Close Long,1.0099,1013,1023.0287000000001,0.441946,53.236924
17.09.2025 - 12:18:50,REZ,Open Long,0.011961,42708,510.83038799999997,0.073559,-0.073559
17.09.2025 - 12:18:50,REZ,Open Long,0.011961,7455,89.16925499999999,0.01284,-0.01284
17.09.2025 - 16:36:15,CAKE,Open Long,2.5604,128.8,329.77952000000005,0.047487,-0.047487
17.09.2025 - 16:36:17,CAKE,Open Long,2.5604,128.8,329.77952000000005,0.047487,-0.047487
17.09.2025 - 16:36:17,CAKE,Open Long,2.5604,172,440.3888,0.063414,-0.063414
18.09.2025 - 00:27:54,EIGEN,Close Long,1.8065,173.61,313.626465,0.135485,88.49242
18.09.2025 - 01:00:19,ETHFI,Close Long,1.6744,172,287.9968,0.124414,63.257585999999996
19.09.2025 - 07:53:47,JTO,Close Long,1.9889,154,306.2906,0.132316,5.583086
19.09.2025 - 07:54:59,REZ,Close Long,0.0126088279,50163,632.4966339476999,0.273237,32.223752
19.09.2025 - 07:57:46,EIGEN,Close Long,1.9647,57.87,113.697189,0.049116,38.648553
19.09.2025 - 07:57:53,ETHFI,Close Long,1.6247,57.4,93.25778,0.040287,18.258833
22.09.2025 - 07:52:27,CAKE,Close Long,2.8148056666,425.3,1197.13685000498,0.51716,107.68157
25.09.2025 - 20:57:37,PURR,Open Long (Price Improved),0.13499,2222,299.94778,0.043192,-0.043192
28.09.2025 - 20:34:41,PURR,Close Long,0.18312,1110,203.2632,0.087809,53.336491
28.09.2025 - 21:01:08,REZ,Open Long,0.012047,37353,449.991591,0.064798,-0.064798
29.09.2025 - 07:49:15,PURR,Close Long,0.21374,555,118.62570000000001,0.051245,43.655004999999996
02.10.2025 - 20:14:24,SUI,Open Short,3.5426,169.3,599.7621800000001,0.086365,-0.086365
03.10.2025 - 06:53:50,CAKE,Close Long,3.4036,4.3,14.63548,0.006321,3.6194390000000003
04.10.2025 - 18:24:00,MEME,Open Long,0.002397,67139,160.93218299999998,0.023173,-0.023173
04.10.2025 - 18:24:01,MEME,Open Long,0.002397,15212,36.463164,0.00525,-0.00525
04.10.2025 - 18:24:01,MEME,Open Long,0.002397,126243,302.604471,0.043574,-0.043574
05.10.2025 - 05:43:32,MEME,Close Long,0.00245,208757,511.45464999999996,0.220947,11.051931
06.10.2025 - 20:29:00,USUAL,Open Long,0.05534,359.1,19.872594000000003,0.00286,-0.00286
06.10.2025 - 20:33:53,USUAL,Open Long,0.05534,11928.5,660.12319,0.095057,-0.095057
08.10.2025 - 08:25:36,PURR,Close Long,0.18372,557,102.33203999999999,0.044207,27.098403
08.10.2025 - 08:25:47,REZ,Close Long,0.014001,3176,44.467176,0.006403,6.199501000000001
08.10.2025 - 08:26:37,REZ,Close Long,0.013991,34176,478.156416,0.068854,66.36928999999999
09.10.2025 - 17:00:23,USUAL,Close Long,0.0475165541,6266.6,297.76723792306,0.128633,-49.144242
10.10.2025 - 17:23:40,CRV,Open Long,0.74171,1267.3,939.969083,0.135353,-0.135353
10.10.2025 - 18:30:55,CRV,Close Long,0.70027,646.3,452.58450099999993,0.195516,-26.978188000000003
11.10.2025 - 00:18:23,SUI,Auto-Deleveraging,1.9535,169.3,330.72755,0,269.03463
13.10.2025 - 10:00:06,SUI,Open Short,2.8264,364.4,1029.9401599999999,0.148311,-0.148311
14.10.2025 - 21:13:53,ASTER,Open Long,1.4973,126,188.65980000000002,0.027167,-0.027167
16.10.2025 - 01:47:06,ASTER,Close Long,1.2968,126,163.39679999999998,0.070587,-25.333587
16.10.2025 - 15:59:59,ASTER,Open Long,1.349,170,229.32999999999998,0.033023,-0.033023
16.10.2025 - 21:28:35,HYPE,Open Short,37.271,13.4,499.4314,0.215754,-0.215754
16.10.2025 - 23:33:47,ETH,Open Long,3831,0.1305,499.94550000000004,0.071992,-0.071992
17.10.2025 - 09:48:45,ASTER,Close Long,1.1958511765,170,203.29470000499998,0.087822,-26.123122
19.10.2025 - 06:25:30,HYPE,Close Short,36.612,13.4,490.60080000000005,0.211939,8.618661000000001
19.10.2025 - 21:45:19,SUI,Close Short,2.6221,4.7,12.323870000000001,0.001774,0.958436
19.10.2025 - 21:45:22,SUI,Close Short,2.6221,62.9,164.93009,0.023749,12.826721
19.10.2025 - 21:45:22,SUI,Close Short,2.6221,62.6,164.14346,0.023636,12.765544
19.10.2025 - 21:45:40,SUI,Close Short,2.6222,234.2,614.11924,0.265299,47.558341
21.10.2025 - 07:36:18,ETH,Close Long,3860.3,0.1305,503.76915,0.217628,3.6060220000000003
23.10.2025 - 13:29:14,PURR,Open Long,0.12375,1616,199.98,0.028797,-0.028797
26.10.2025 - 21:50:28,PURR,Close Long,0.14897,1616,240.73551999999998,0.103997,40.651523
04.11.2025 - 16:37:49,BTC,Open Long,103000,0.00485,499.55,0.071935,-0.071935
04.11.2025 - 17:50:39,SOL,Open Long,162.29,3.08,499.8532,0.071978,-0.071978
09.11.2025 - 20:57:15,ASTER,Open Long,1.1153,108,120.4524,0.017345,-0.017345
09.11.2025 - 20:57:15,ASTER,Open Long,1.1153,71,79.1863,0.011402,-0.011402
10.11.2025 - 08:12:07,ASTER,Close Long,1.1342,179,203.0218,0.087705,3.295395
10.11.2025 - 14:50:55,SOL,Close Long,168.11,3.08,517.7788,0.22368,17.701919999999998
11.11.2025 - 08:15:07,BTC,Close Long,105039,0.00485,509.43915000000004,0.220077,9.669073000000001
12.11.2025 - 14:49:14,HYPE,Open Long,40.27,13.78,554.9206,0.239725,-0.239725
12.11.2025 - 15:02:11,BTC,Open Long,104891,0.00953,999.61123,0.431832,-0.431832
12.11.2025 - 17:52:49,BTC,Close Long,102363,0.00953,975.51939,0.421424,-24.513264
12.11.2025 - 18:09:40,HYPE,Close Long,38.3649557329,13.78,528.669089999362,0.228384,-26.479893999999998
13.11.2025 - 11:01:10,HYPE,Open Long,39.11,22.57,882.7127,0.12711,-0.12711
13.11.2025 - 18:23:22,HYPE,Close Long,37.933,22.57,856.14781,0.369855,-26.934745
14.11.2025 - 10:09:31,HYPE,Open Long,37.36,26.23,979.9528,0.141112,-0.141112
14.11.2025 - 14:34:34,HYPE,Close Long,36.4,26.23,954.7719999999999,0.412461,-25.593261000000002
19.11.2025 - 18:03:27,BNB,Open Long,897.69,1.67,1499.1423,0.647629,-0.647629
20.11.2025 - 18:45:11,ETH,Open Long,2865,0.1396,399.954,0.057593,-0.057593
21.11.2025 - 08:28:36,PURR,Open Long (Price Improved),0.08484,1768,149.99712,0.021599,-0.021599
25.11.2025 - 18:10:24,ETH,Close Long,2894.8,0.1396,404.11408000000006,0.174577,3.9855029999999996
26.11.2025 - 17:30:04,ETH,Open Long,2936.6,0.6077,1784.57182,0.770935,-0.770935
27.11.2025 - 11:41:52,PURR,Close Long,0.085063,1768,150.391384,0.064969,0.329295
27.11.2025 - 11:42:03,REZ,Close Long,0.007051,1,0.007051,0.000003,-0.004999
28.11.2025 - 18:10:46,ETH,Close Long,3052.9,0.3038,927.4710200000001,0.400667,34.931273000000004
01.12.2025 - 02:08:54,ETH,Close Long,2924.3,0.3039,888.6947700000001,0.383916,-4.118847
04.12.2025 - 10:31:40,BNB,Close Long,908.62,1.67,1517.3953999999999,0.655514,17.597586
08.12.2025 - 19:37:28,TAO,Open Long,291.55,0.069,20.116950000000003,0.002896,-0.002896
08.12.2025 - 19:37:32,TAO,Open Long,291.55,0.24,69.972,0.010075,-0.010075
08.12.2025 - 19:37:32,TAO,Open Long,291.55,0.719,209.62445,0.030185,-0.030185
10.12.2025 - 10:13:49,HYPE,Open Long,29.296,15.7,459.94719999999995,0.066232,-0.066232
10.12.2025 - 13:51:27,SOL/USDC,Buy,137.0479989035,3.648,499.95109999996805,0.00245144,-0.33596494643199604
10.12.2025 - 13:51:36,SOL/USDC,Sell,137.03,3.645,499.47435,0.33564676,-0.73716715
11.12.2025 - 13:13:14,HYPE,Close Long,27.361,15.7,429.5677,0.185572,-30.565072
12.12.2025 - 08:11:22,HYPE,Open Long,29.773,10.07,299.81411,0.043173,-0.043173
15.12.2025 - 17:40:04,HYPE,Close Long,27.682,5.03,139.24046,0.02005,-10.53778
16.12.2025 - 05:12:26,HYPE,Close Long,26.769,5.04,134.91576,0.058283,-15.198443
16.12.2025 - 12:22:16,TAO,Close Long,262.14,1.028,269.47992,0.116415,-30.349895
16.12.2025 - 18:41:41,SOL/USDC,Sell,127.93,3.899,498.79907000000003,0.33519297,-3.82040677
18.12.2025 - 08:45:46,HYPE/USDC,Sell,24.135,5,120.67500000000001,0.0463392,-1.09726046
18.12.2025 - 08:45:46,HYPE/USDC,Sell,24.135,13.58,327.7533,0.12585726,-2.98015942
19.12.2025 - 08:29:21,ETH/USDC,Sell,2921.2,0.2366,691.1559199999999,0.26540387,-7.83604578
24.12.2025 - 12:01:08,BTC,Open Short,86793,0.02304,1999.71072,0.287958,-0.287958
25.12.2025 - 08:49:12,BTC,Close Short,87796,0.01451,1273.91996,0.183444,-14.736974
25.12.2025 - 08:50:32,BTC,Close Short,87791,0.00853,748.85723,0.323506,-8.836446
25.12.2025 - 10:23:23,BTC,Open Long,87395.3550531915,0.00752,657.21307,0.283909,-0.283909
25.12.2025 - 10:23:24,BTC,Open Long,87400,0.0268,2342.32,0.337294,-0.337294
26.12.2025 - 00:47:36,BTC,Close Long,87375,0.03432,2998.7100000000005,1.295442,-2.11569
26.12.2025 - 08:06:19,BNB,Open Long,841.15,2.223,1869.8764499999997,0.807786,-0.807786
26.12.2025 - 17:00:21,BNB,Close Long,824.88,2.223,1833.70824,0.792161,-36.960371
14.01.2026 - 13:43:05,ENA,Open Long,0.23901,1527,364.96827,0.052555,-0.052555
16.01.2026 - 20:17:34,ENA,Close Long,0.21764,763,166.05932,0.023912,-16.329221999999998
20.01.2026 - 17:53:30,NFLX (xyz),Open Long,88.373,2.263,199.988099,0.005759,-0.005759
20.01.2026 - 23:02:49,NFLX (xyz),Open Long,85.5,4.418,377.73900000000003,0.010878,-0.010878
20.01.2026 - 23:02:50,NFLX (xyz),Open Long (Price Improved),85.5,1.429,122.1795,0.003518,-0.003518
21.01.2026 - 12:35:32,NFLX (xyz),Market Order Liquidation: Close Long,81.7293551171,8.11,662.825069999681,0.057267,-37.133307
21.01.2026 - 14:16:21,PENDLE,Open Long,1.9671,132,259.6572,0.03739,-0.03739
22.01.2026 - 07:09:09,FARTCOIN,Open Long,0.30388,592.3,179.98812399999997,0.025918,-0.025918
23.01.2026 - 11:33:10,FARTCOIN,Close Long,0.30411,592.2,180.093942,0.0778,0.058406
23.01.2026 - 13:40:10,HYPE,Open Long,21.255,9.4,199.797,0.02877,-0.02877
23.01.2026 - 16:29:10,HYPE,Open Long,21.673,4.61,99.91253,0.014387,-0.014387
24.01.2026 - 20:36:55,HYPE,Close Long,23.508,7.14,167.84712,0.072509,15.032161
26.01.2026 - 15:46:57,FARTCOIN,Close Long,0.28448,0.1,0.028448,0.000004,-0.0019440000000000002
27.01.2026 - 07:33:36,HYPE,Close Long,27.024,3.57,96.47568,0.041677,20.062778
28.01.2026 - 00:33:58,HYPE,Close Long,30.005,3.3,99.0165,0.042775,28.378475
30.01.2026 - 06:52:40,SOL,Open Long,115.58,0.78,90.1524,0.012981,-0.012981
30.01.2026 - 06:53:08,SOL,Open Long,115.58,2.24,258.8992,0.037281,-0.037281
31.01.2026 - 10:40:51,ETH,Open Long (Price Improved),2607,0.0958,249.7506,0.035964,-0.035964
31.01.2026 - 14:34:20,PENDLE,Close Long,1.6495,67,110.5165,0.047743,-21.326943
31.01.2026 - 19:12:22,ETH,Open Long (Price Improved),2375,0.1894,449.82500000000005,0.064774,-0.064774
31.01.2026 - 20:53:42,BTC,Open Long,77961,0.00128,99.79008,0.043109,-0.043109
01.02.2026 - 16:34:13,SOL,Open Long,102.86,0.97,99.7742,0.043102,-0.043102
03.02.2026 - 18:24:02,BTC,Open Long,76900,0.0065,499.84999999999997,0.071978,-0.071978
08.02.2026 - 22:28:43,BNB,Open Long,644.72,1.94,1250.7568,0.180108,-0.180108
09.02.2026 - 10:17:55,BNB,Close Long,630.4346418338,1.047,660.0650699999886,0.285148,-15.241918
09.02.2026 - 10:34:31,BNB,Close Long,623.21,0.893,556.5265300000001,0.240418,-19.448847999999998
20.02.2026 - 08:25:01,COPPER (xyz),Open Long,5.8296,116.04,676.4667840000001,0.019482,-0.019482
20.02.2026 - 08:25:02,COPPER (xyz),Open Long,5.8296,21.88,127.551648,0.003673,-0.003673
20.02.2026 - 08:25:06,COPPER (xyz),Open Long,5.8296,33.63,196.049448,0.005646,-0.005646
23.02.2026 - 15:47:27,COPPER (xyz),Close Long,5.861,89.04,521.86344,0.015029,2.780827
23.02.2026 - 15:51:18,COPPER (xyz),Close Long,5.8541,82.5,482.96325,0.013909,2.0073410000000003
24.02.2026 - 15:00:14,XMR,Open Long,322,1.552,499.744,0.071963,-0.071963
25.02.2026 - 17:47:00,XMR,Close Long,347.17,1.195,414.86815,0.179223,29.898927
27.02.2026 - 17:45:37,EURUSD (xyz),Open Long,1.1813,2000,2362.6,0.068042,-0.068042
27.02.2026 - 17:45:45,EURUSD (xyz),Open Long,1.1813,2000,2362.6,0.068042,-0.068042
27.02.2026 - 17:45:46,EURUSD (xyz),Open Long,1.1813,830.1,980.59713,0.028241,-0.028241
27.02.2026 - 17:46:15,EURUSD (xyz),Open Long,1.1813,79.7,94.14961000000001,0.002711,-0.002711
28.02.2026 - 12:53:03,XMR,Close Long,330.15,0.357,117.86354999999999,0.050917,2.8586329999999998
02.03.2026 - 00:19:19,EURUSD (xyz),Close Long,1.1763,4909.8,5775.397739999999,0.498994,-25.047994
03.03.2026 - 17:28:59,EURUSD (xyz),Open Long,1.156,2000,2312,0.066585,-0.066585
03.03.2026 - 17:29:08,EURUSD (xyz),Open Long,1.156,1027.6,1187.9055999999998,0.034211,-0.034211
04.03.2026 - 10:46:42,AERO,Open Long,0.36139,553,199.84867,0.028778,-0.028778
06.03.2026 - 14:09:39,EURUSD (xyz),Close Long,1.1561,3027.6,3500.2083599999996,0.302414,0.00034599999999995745
09.03.2026 - 00:03:39,AERO,Close Long,0.31496,553,174.17288000000002,0.075242,-25.751032
09.03.2026 - 00:20:38,COPPER (xyz),Market Order Liquidation: Close Long,5.7028,0.01,0.057028,0.000004,-0.0012720000000000001
18.03.2026 - 08:48:15,JUP,Open Long,0.17262,2667,460.37754,0.198883,-0.198883
18.03.2026 - 12:21:48,AERO,Open Long,0.34711,50,17.3555,0.002499,-0.002499
18.03.2026 - 12:22:06,AERO,Open Long,0.34711,410,142.3151,0.020493,-0.020493
18.03.2026 - 14:33:58,JUP,Close Long,0.16283,2667,434.26761,0.187603,-26.297532999999998
23.03.2026 - 17:15:20,AERO,Close Long,0.35111,170,59.6887,0.008594,0.6714060000000001
23.03.2026 - 17:15:20,AERO,Close Long,0.35111,290,101.8219,0.014662,1.145338
25.03.2026 - 17:19:49,GOLD (xyz),Open Short,4542.6,0.033,149.90580000000003,0.043172,-0.043172
27.03.2026 - 08:35:26,GOLD (xyz),Close Short,4464.9,0.033,147.3417,0.127303,2.436797
27.03.2026 - 16:51:25,GOLD (xyz),Open Short,4490,0.008,35.92,0.010344,-0.010344
27.03.2026 - 16:51:25,GOLD (xyz),Open Short,4490,0.0276,123.92399999999999,0.03569,-0.03569
31.03.2026 - 17:02:57,GOLD (xyz),Market Order Liquidation: Close Short,4624.6,0.0356,164.63576,0.142245,-4.934005
01.04.2026 - 15:48:54,GOLD (xyz),Open Short,4731.1,0.0337,159.43807,0.137754,-0.137754
09.04.2026 - 09:51:16,GOLD (xyz),Close Short,4709.8,0.0337,158.72026,0.137134,0.580676
15.04.2026 - 17:59:30,ETHFI,Open Long,0.44185,257.2,113.64382,0.049094,-0.049094
15.04.2026 - 18:00:23,ETHFI,Open Long,0.4427271246,422.2,186.91939200612,0.080748,-0.080748
16.04.2026 - 09:21:32,EURUSD (xyz),Open Short,1.1797,847.6,999.91372,0.086392,-0.086392
16.04.2026 - 22:09:26,ETHFI,Close Long,0.48851,340.4,166.288804,0.071836,15.627412000000001
17.04.2026 - 16:23:52,ETHFI,Close Long,0.50115,339,169.88985,0.024464,19.895176000000003
21.04.2026 - 12:32:39,EURUSD (xyz),Open Short,1.1758,425.2,499.95016,0.014398,-0.014398
21.04.2026 - 17:59:29,EURUSD (xyz),Open Short,1.1753,255.2,299.93656,0.025914,-0.025914
21.04.2026 - 19:17:43,ETH,Open Long,2314.9,0.4492,1039.85308,0.449216,-0.449216
22.04.2026 - 07:45:05,BTC,Close Long,77522,0.00778,603.1211599999999,0.260548,3.221002
22.04.2026 - 07:45:40,EURUSD (xyz),Close Short,1.1742,20.5,24.071099999999998,0.002079,0.073156
22.04.2026 - 07:53:30,EURUSD (xyz),Close Short,1.1744,541.5,635.9376000000001,0.018315,1.86069
22.04.2026 - 07:53:44,EURUSD (xyz),Close Short,1.1744,541.5,635.9376000000001,0.018315,1.86069
22.04.2026 - 07:53:49,EURUSD (xyz),Close Short,1.1744,424.4,498.41536,0.014354,1.458314
22.04.2026 - 08:32:39,EURUSD (xyz),Close Short,1.1757,0.1,0.11757000000000001,0.00001,0.000207
22.04.2026 - 15:50:36,LIT,Open Short,0.92851,96,89.13695999999999,0.038507,-0.038507
22.04.2026 - 15:52:12,ETH,Close Long,2400.9,0.7343,1762.9808699999999,0.761607,23.029712999999997
22.04.2026 - 15:52:33,ETH,Open Long,2401.3,0.4997,1199.9296100000001,0.518369,-0.518369
25.04.2026 - 22:45:03,SYRUP,Open Long,0.23832,2181,519.77592,0.074847,-0.074847
27.04.2026 - 18:28:35,SYRUP,Close Long,0.24311,2181,530.22291,0.229056,10.217934
27.04.2026 - 19:12:54,LIT,Close Short,0.85928,96,82.49088,0.035636,6.610444
29.04.2026 - 13:14:22,PENDLE,Open Long,1.389275,72,100.0278,0.043211,-0.043211
30.04.2026 - 09:10:38,ETH,Close Long,2242.6,0.1749,392.23073999999997,0.169443,-27.924324000000002
30.04.2026 - 13:40:05,PURR,Open Long (Price Improved),0.0635,1574,99.949,0.014392,-0.014392
01.05.2026 - 09:21:09,PENDLE,Open Long,1.488680597,67,99.741599999,0.043087,-0.043087
02.05.2026 - 01:19:58,USDHL/USDC,Buy,0.99023,1009.97,1000.1025931,0.3878284,-0.384039316532
02.05.2026 - 12:14:13,USDHL/USDC,Sell,1.0025,1009.57,1012.093925,0.38864406,11.61474516
04.05.2026 - 08:33:28,PENDLE,Close Long,1.6644,203,337.8732,0.048653,11.799848
04.05.2026 - 08:33:33,PENDLE,Close Long,1.6645,1,1.6645,0.000719,0.057748
04.05.2026 - 13:05:20,SYRUP,Open Long,0.2499,2280,569.772,0.082046,-0.082046
05.05.2026 - 08:15:51,SOL,Open Long,84.824,1.76,149.29024,0.064493,-0.064493
05.05.2026 - 09:39:12,HYPE,Open Long,42.998,11.62,499.6367599999999,0.071947,-0.071947
05.05.2026 - 09:40:18,BTC,Open Short,80759,0.00619,499.89821,0.215956,-0.215956
06.05.2026 - 12:12:38,HYPE,Close Long,43.994,11.62,511.21027999999995,0.073614,11.499906000000001
06.05.2026 - 12:12:47,BTC,Close Short,81862,0.00618,505.90716,0.218551,-7.0350909999999995
06.05.2026 - 12:13:37,ETH,Open Long,2394.5,0.2088,499.9716,0.071995,-0.071995
06.05.2026 - 12:15:28,BTC,Close Short,81793,0.00001,0.81793,0.000353,-0.010693000000000001
06.05.2026 - 16:28:15,SYRUP,Close Long,0.252065807,2280,574.7100399599999,0.248273,4.689767
07.05.2026 - 16:38:50,HYPE,Open Short,42.67,11.71,499.6657000000001,0.071951,-0.071951
07.05.2026 - 16:50:27,PURR,Close Long,0.075962,232,17.623184000000002,0.002537,2.888647
07.05.2026 - 16:50:57,PURR,Close Long,0.0757775678,1342,101.6934959876,0.04393,16.432566
07.05.2026 - 17:31:17,HYPE,Open Short,42.192,2.36,99.57311999999999,0.043015,-0.043015
07.05.2026 - 18:50:03,HYPE,Close Short,42.254,14.07,594.51378,0.256829,4.4678770000000005
08.05.2026 - 16:01:02,GOLD (xyz),Open Long,4724.2,0.2752,1300.0998399999999,1.123286,-1.123286
08.05.2026 - 18:04:55,HYPE,Open Long,42.746,30.27,1293.9214200000001,0.186324,-0.186324
08.05.2026 - 18:04:56,HYPE,Open Long,42.746,0.24,10.25904,0.001477,-0.001477
08.05.2026 - 18:04:57,HYPE,Open Long,42.746,2.24,95.75104000000002,0.013788,-0.013788
09.05.2026 - 04:36:47,HYPE,Close Long,43.888,32.75,1437.3319999999999,0.620927,36.779573
10.05.2026 - 14:55:29,GOLD (xyz),Close Long,4730.8,0.2751,1301.44308,1.124446,0.691214
10.05.2026 - 14:55:35,GOLD (xyz),Close Long,4731,0.0001,0.4731,0.000408,0.00027200000000000005
10.05.2026 - 18:38:39,BNB,Open Long,654.83,1.985,1299.8375500000002,0.187176,-0.187176
11.05.2026 - 06:59:24,BNB,Close Long,652.09,0.992,646.87328,0.279449,-2.997529
11.05.2026 - 12:06:53,USDHL/USDC,Buy,0.991,153.31,151.93021,0.058871,-0.058341161
11.05.2026 - 12:58:37,USDHL/USDC,Buy,0.991,17.01,16.856910000000003,0.0065318,-0.0064730138